{"stats":{"minecraft:custom":{"minecraft:time_since_rest":170473,"minecraft:sprint_one_cm":87590,"minecraft:damage_taken":120,"minecraft:walk_one_cm":79264,"minecraft:mob_kills":3,"minecraft:drop":10,"minecraft:damage_dealt":15052,"minecraft:swim_one_cm":4588,"minecraft:fly_one_cm":1223551,"minecraft:open_barrel":2,"minecraft:open_chest":2,"minecraft:crouch_one_cm":5265,"minecraft:play_time":170473,"minecraft:sneak_time":2423,"minecraft:walk_under_water_one_cm":13504,"minecraft:jump":629,"minecraft:interact_with_brewingstand":1,"minecraft:leave_game":9,"minecraft:walk_on_water_one_cm":5203,"minecraft:time_since_death":170473,"minecraft:total_world_time":170473,"minecraft:fall_one_cm":7652},"minecraft:used":{"minecraft:warden_spawn_egg":3,"minecraft:emerald_ore":1,"minecraft:black_concrete":8,"minecraft:diamond_pickaxe":1,"minecraft:stone_sword":37,"minecraft:grass_block":2,"minecraft:bread":1,"minecraft:stone_shovel":4,"minecraft:stone_pickaxe":2,"minecraft:oak_sign":2,"minecraft:zombie_spawn_egg":2,"minecraft:gravel":54,"minecraft:glowstone":10,"minecraft:sand":66,"minecraft:dirt":8,"minecraft:cobblestone":1,"pixelmon:tv3":1,"pixelmon:red_healer":3,"minecraft:white_concrete":16,"minecraft:coarse_dirt":6,"easy_npc:humanoid_spawn_egg":1,"minecraft:milk_bucket":1},"minecraft:picked_up":{"minecraft:sculk_catalyst":3,"croptopia:chile_pepper_seed":1,"croptopia:corn_seed":2,"croptopia:barley_seed":1,"pixelmon:poke_ball":10,"pixelmon:aluminium_ingot":3,"minecraft:dirt":3,"croptopia:chile_pepper":1,"minecraft:stone_sword":1,"minecraft:stone_shovel":1,"minecraft:apple":2,"pixelmon:rindo_berry":1,"croptopia:corn":1,"croptopia:barley":1,"minecraft:stone_axe":1,"minecraft:wheat_seeds":3,"croptopia:orange":1,"minecraft:stone_pickaxe":1,"minecraft:bread":9,"minecraft:emerald_ore":1,"minecraft:cobblestone":1},"minecraft:killed":{"minecraft:warden":3},"minecraft:mined":{"croptopia:chile_pepper_crop":1,"pixelmon:red_healer":2,"minecraft:grass":4,"minecraft:grass_block":1,"minecraft:dirt":2,"minecraft:stone":1},"minecraft:dropped":{"minecraft:bread":9,"pixelmon:aluminium_ingot":1,"minecraft:stone_axe":1,"minecraft:stone_sword":1,"minecraft:emerald_ore":2,"minecraft:stone_shovel":1,"minecraft:oak_planks":1,"minecraft:stone_pickaxe":1,"pixelmon:poke_ball":10}},"DataVersion":3578}