{"stats":{"minecraft:custom":{"minecraft:time_since_rest":125110,"minecraft:sprint_one_cm":49330,"minecraft:damage_taken":10,"minecraft:walk_one_cm":47212,"minecraft:drop":3,"minecraft:damage_dealt":52,"minecraft:swim_one_cm":3272,"minecraft:fly_one_cm":1041921,"minecraft:open_chest":1,"minecraft:crouch_one_cm":4728,"minecraft:play_time":125110,"minecraft:sneak_time":1963,"minecraft:walk_under_water_one_cm":13148,"minecraft:jump":370,"minecraft:leave_game":8,"minecraft:walk_on_water_one_cm":4514,"minecraft:time_since_death":125110,"minecraft:total_world_time":125110,"minecraft:fall_one_cm":1974},"minecraft:used":{"minecraft:emerald_ore":1,"minecraft:diamond_pickaxe":1,"minecraft:stone_sword":2,"minecraft:grass_block":2,"minecraft:stone_shovel":4,"minecraft:stone_pickaxe":2,"minecraft:gravel":54,"minecraft:dirt":6,"minecraft:sand":66,"minecraft:cobblestone":1,"pixelmon:tv3":1,"pixelmon:red_healer":2,"minecraft:coarse_dirt":6,"easy_npc:humanoid_spawn_egg":1},"minecraft:picked_up":{"croptopia:chile_pepper_seed":1,"croptopia:corn_seed":2,"croptopia:barley_seed":1,"pixelmon:aluminium_ingot":2,"minecraft:dirt":3,"croptopia:chile_pepper":1,"pixelmon:rindo_berry":1,"croptopia:corn":1,"croptopia:barley":1,"minecraft:wheat_seeds":2,"minecraft:cobblestone":1,"minecraft:emerald_ore":1},"minecraft:mined":{"croptopia:chile_pepper_crop":1,"pixelmon:red_healer":2,"minecraft:grass":2,"minecraft:grass_block":1,"minecraft:dirt":2,"minecraft:stone":1},"minecraft:dropped":{"pixelmon:aluminium_ingot":1,"minecraft:emerald_ore":1,"minecraft:oak_planks":1}},"DataVersion":3578}