{"stats":{"minecraft:custom":{"minecraft:open_chest":1,"minecraft:time_since_rest":105220,"minecraft:crouch_one_cm":3780,"minecraft:play_time":105220,"minecraft:sprint_one_cm":30374,"minecraft:damage_taken":10,"minecraft:walk_one_cm":33282,"minecraft:sneak_time":1576,"minecraft:walk_under_water_one_cm":13148,"minecraft:drop":2,"minecraft:jump":248,"minecraft:damage_dealt":13,"minecraft:leave_game":7,"minecraft:time_since_death":105220,"minecraft:walk_on_water_one_cm":4236,"minecraft:total_world_time":105220,"minecraft:swim_one_cm":3272,"minecraft:fall_one_cm":1498,"minecraft:fly_one_cm":503045},"minecraft:used":{"minecraft:stone_sword":2,"minecraft:emerald_ore":1,"minecraft:dirt":3,"minecraft:sand":66,"minecraft:cobblestone":1,"minecraft:grass_block":2,"minecraft:stone_shovel":4,"minecraft:stone_pickaxe":1,"minecraft:coarse_dirt":6,"easy_npc:humanoid_spawn_egg":1,"minecraft:gravel":54},"minecraft:picked_up":{"croptopia:chile_pepper":1,"croptopia:chile_pepper_seed":1,"croptopia:barley_seed":1,"croptopia:barley":1,"minecraft:wheat_seeds":2,"minecraft:emerald_ore":1,"minecraft:dirt":3,"minecraft:cobblestone":1},"minecraft:dropped":{"minecraft:oak_planks":1,"minecraft:emerald_ore":1},"minecraft:mined":{"minecraft:grass":2,"minecraft:grass_block":1,"minecraft:dirt":2,"minecraft:stone":1,"croptopia:chile_pepper_crop":1}},"DataVersion":3578}