{"stats":{"minecraft:used":{"pixelmon:orange_healer":2,"minecraft:emerald_ore":1,"minecraft:stone_sword":1,"minecraft:dirt_path":1,"minecraft:grass_block":1},"minecraft:dropped":{"minecraft:stone_axe":2,"minecraft:stone_pickaxe":2,"minecraft:stone_sword":2,"pixelmon:poke_ball":34,"minecraft:stone_shovel":2,"minecraft:filled_map":2},"minecraft:custom":{"minecraft:time_since_rest":19277,"minecraft:open_chest":1,"minecraft:crouch_one_cm":1327,"minecraft:play_time":19277,"minecraft:sprint_one_cm":7080,"minecraft:walk_one_cm":19192,"minecraft:sneak_time":589,"minecraft:walk_under_water_one_cm":3418,"minecraft:drop":15,"minecraft:jump":35,"minecraft:damage_dealt":60,"minecraft:leave_game":1,"minecraft:time_since_death":19277,"minecraft:walk_on_water_one_cm":339,"minecraft:total_world_time":19277,"minecraft:fly_one_cm":288213},"minecraft:picked_up":{"minecraft:stone_sword":2,"minecraft:stone_shovel":1,"minecraft:stone_axe":1,"minecraft:wheat_seeds":2,"minecraft:filled_map":1,"pixelmon:poke_ball":5,"minecraft:stone_pickaxe":1}},"DataVersion":3578}