{"stats":{"minecraft:custom":{"minecraft:time_since_rest":137110,"minecraft:sprint_one_cm":53751,"minecraft:damage_taken":10,"minecraft:walk_one_cm":55460,"minecraft:mob_kills":3,"minecraft:drop":3,"minecraft:damage_dealt":15052,"minecraft:swim_one_cm":3272,"minecraft:fly_one_cm":1153594,"minecraft:open_chest":2,"minecraft:crouch_one_cm":5065,"minecraft:play_time":137110,"minecraft:sneak_time":2207,"minecraft:walk_under_water_one_cm":13330,"minecraft:jump":407,"minecraft:leave_game":8,"minecraft:walk_on_water_one_cm":4820,"minecraft:time_since_death":137110,"minecraft:total_world_time":137110,"minecraft:fall_one_cm":1974},"minecraft:used":{"minecraft:warden_spawn_egg":3,"minecraft:emerald_ore":1,"minecraft:diamond_pickaxe":1,"minecraft:stone_sword":35,"minecraft:grass_block":2,"minecraft:stone_shovel":4,"minecraft:stone_pickaxe":2,"minecraft:zombie_spawn_egg":2,"minecraft:gravel":54,"minecraft:dirt":6,"minecraft:sand":66,"minecraft:cobblestone":1,"pixelmon:tv3":1,"pixelmon:red_healer":2,"minecraft:coarse_dirt":6,"easy_npc:humanoid_spawn_egg":1},"minecraft:picked_up":{"minecraft:sculk_catalyst":3,"croptopia:chile_pepper_seed":1,"croptopia:corn_seed":2,"croptopia:barley_seed":1,"pixelmon:aluminium_ingot":3,"minecraft:dirt":3,"croptopia:chile_pepper":1,"pixelmon:rindo_berry":1,"croptopia:corn":1,"croptopia:barley":1,"minecraft:wheat_seeds":2,"croptopia:orange":1,"minecraft:cobblestone":1,"minecraft:emerald_ore":1},"minecraft:killed":{"minecraft:warden":3},"minecraft:mined":{"croptopia:chile_pepper_crop":1,"pixelmon:red_healer":2,"minecraft:grass":2,"minecraft:grass_block":1,"minecraft:dirt":2,"minecraft:stone":1},"minecraft:dropped":{"pixelmon:aluminium_ingot":1,"minecraft:emerald_ore":1,"minecraft:oak_planks":1}},"DataVersion":3578}