{"stats":{"minecraft:custom":{"minecraft:mob_kills":3,"minecraft:open_barrel":2,"minecraft:leave_game":10,"minecraft:time_since_death":188751,"minecraft:time_since_rest":188751,"minecraft:sprint_one_cm":129361,"minecraft:damage_taken":180,"minecraft:walk_one_cm":91980,"minecraft:drop":10,"minecraft:damage_dealt":15052,"minecraft:swim_one_cm":5835,"minecraft:fly_one_cm":1265335,"minecraft:open_chest":2,"minecraft:crouch_one_cm":5265,"minecraft:play_time":188751,"minecraft:sneak_time":2423,"minecraft:walk_under_water_one_cm":13557,"minecraft:jump":815,"minecraft:interact_with_brewingstand":1,"minecraft:walk_on_water_one_cm":5345,"minecraft:total_world_time":188751,"minecraft:fall_one_cm":12223},"minecraft:used":{"minecraft:emerald_ore":1,"minecraft:stone_sword":53,"minecraft:stone_shovel":4,"minecraft:stone_pickaxe":2,"minecraft:oak_sign":2,"minecraft:zombie_spawn_egg":2,"minecraft:sand":66,"minecraft:dirt":8,"pixelmon:red_healer":3,"easy_npc:humanoid_spawn_egg":1,"minecraft:milk_bucket":1,"minecraft:warden_spawn_egg":3,"minecraft:diamond_pickaxe":1,"minecraft:black_concrete":8,"minecraft:grass_block":2,"minecraft:bread":4,"minecraft:gravel":54,"minecraft:stone_axe":8,"minecraft:glowstone":10,"minecraft:cobblestone":1,"pixelmon:tv3":1,"minecraft:white_concrete":16,"minecraft:coarse_dirt":6},"minecraft:picked_up":{"croptopia:lettuce_seed":1,"pixelmon:poke_ball":10,"pixelmon:aluminium_ingot":3,"minecraft:dirt":3,"croptopia:blueberry_seed":2,"pixelmon:white_apricorn":18,"croptopia:lettuce":1,"croptopia:soybean":1,"pixelmon:rindo_berry":1,"croptopia:bellpepper_seed":2,"croptopia:corn":3,"minecraft:apple":2,"croptopia:barley":2,"minecraft:wheat_seeds":4,"croptopia:bellpepper":1,"minecraft:stone_pickaxe":1,"pixelmon:apricorn_leaves_white":18,"croptopia:blueberry":1,"minecraft:sugar_cane":9,"minecraft:sculk_catalyst":3,"pixelmon:black_apricorn":14,"croptopia:chile_pepper_seed":2,"croptopia:corn_seed":6,"croptopia:barley_seed":2,"croptopia:soybean_seed":2,"pixelmon:apricorn_log":6,"pixelmon:apricorn_leaves_black":14,"croptopia:strawberry":1,"croptopia:chile_pepper":2,"minecraft:stone_sword":1,"minecraft:stone_shovel":1,"minecraft:stone_axe":1,"croptopia:strawberry_seed":1,"croptopia:orange":1,"minecraft:bread":9,"minecraft:emerald_ore":1,"minecraft:cobblestone":1},"minecraft:killed":{"minecraft:warden":3},"minecraft:dropped":{"minecraft:bread":9,"pixelmon:aluminium_ingot":1,"minecraft:stone_axe":1,"minecraft:stone_sword":1,"minecraft:emerald_ore":2,"minecraft:stone_shovel":1,"minecraft:oak_planks":1,"minecraft:stone_pickaxe":1,"pixelmon:poke_ball":10},"minecraft:mined":{"croptopia:bellpepper_crop":1,"pixelmon:apricorn_leaves_black":14,"croptopia:strawberry_crop":1,"croptopia:lettuce_crop":1,"pixelmon:red_healer":2,"minecraft:grass_block":1,"minecraft:tall_grass":3,"minecraft:sugar_cane":6,"croptopia:barley_crop":1,"croptopia:corn_crop":2,"croptopia:soybean_crop":1,"croptopia:blueberry_crop":1,"croptopia:chile_pepper_crop":2,"minecraft:grass":9,"pixelmon:apricorn_log":6,"minecraft:dirt":2,"minecraft:stone":1,"minecraft:oak_leaves":4,"pixelmon:apricorn_leaves_white":16}},"DataVersion":3578}