{"stats":{"minecraft:used":{"minecraft:dirt":1},"minecraft:mined":{"minecraft:grass_block":1},"minecraft:picked_up":{"minecraft:dirt":1},"minecraft:custom":{"minecraft:jump":246,"minecraft:time_since_rest":6683,"minecraft:leave_game":1,"minecraft:crouch_one_cm":43,"minecraft:sprint_one_cm":32038,"minecraft:play_time":6683,"minecraft:time_since_death":6683,"minecraft:walk_one_cm":21379,"minecraft:sneak_time":44,"minecraft:bell_ring":2,"minecraft:total_world_time":6683,"minecraft:fall_one_cm":6086,"minecraft:fly_one_cm":72058}},"DataVersion":3578}