{"stats":{"minecraft:custom":{"minecraft:time_since_rest":243144,"minecraft:interact_with_furnace":1,"minecraft:sprint_one_cm":1175582,"minecraft:walk_one_cm":232659,"minecraft:trigger_trapped_chest":1,"minecraft:drop":29,"minecraft:damage_dealt":206,"minecraft:swim_one_cm":8612,"minecraft:player_kills":2,"minecraft:fly_one_cm":1782373,"minecraft:open_chest":2,"minecraft:crouch_one_cm":812,"minecraft:play_time":243144,"minecraft:bell_ring":17,"minecraft:sneak_time":339,"minecraft:walk_under_water_one_cm":3171,"minecraft:jump":5098,"minecraft:leave_game":15,"minecraft:time_since_death":243144,"minecraft:walk_on_water_one_cm":4921,"minecraft:total_world_time":243144,"minecraft:fall_one_cm":20766},"minecraft:crafted":{"minecraft:oak_planks":48},"minecraft:used":{"minecraft:emerald_ore":8,"minecraft:lava_bucket":1,"minecraft:stone_sword":2,"minecraft:bread":6,"minecraft:grass_block":11,"minecraft:stone_pickaxe":5,"minecraft:stone_axe":8,"minecraft:bedrock":23,"minecraft:dirt":3,"minecraft:furnace":1,"minecraft:obsidian":30},"minecraft:picked_up":{"pixelmon:green_apricorn":1,"minecraft:enchanting_table":1,"pixelmon:black_apricorn":3,"croptopia:kale":1,"minecraft:green_bed":1,"pixelmon:poke_ball":64,"minecraft:oak_log":12,"minecraft:brewing_stand":1,"minecraft:trapped_chest":1,"minecraft:dirt":1,"pixelmon:blue_apricorn":1,"minecraft:wheat_seeds":12,"minecraft:small_dripleaf":1,"minecraft:carved_pumpkin":1,"croptopia:kale_seed":1,"pixelmon:yellow_apricorn":2,"minecraft:emerald_ore":66,"minecraft:furnace":1},"minecraft:mined":{"minecraft:trapped_chest":1,"minecraft:furnace":1,"croptopia:kale_crop":1,"minecraft:brewing_stand":1,"minecraft:carved_pumpkin":1,"minecraft:enchanting_table":1,"minecraft:grass":17,"minecraft:grass_block":1,"minecraft:oak_log":12,"minecraft:tall_grass":6,"minecraft:green_bed":1},"minecraft:dropped":{"minecraft:bread":9,"pixelmon:rare_candy":3,"croptopia:kale_seed":1,"minecraft:stone_axe":1,"minecraft:wheat_seeds":12,"minecraft:stone_sword":1,"minecraft:emerald_ore":67,"croptopia:kale":1,"minecraft:stone_shovel":1,"minecraft:carved_pumpkin":1,"minecraft:small_dripleaf":1,"minecraft:stone_pickaxe":1,"pixelmon:poke_ball":79}},"DataVersion":3578}