{"stats":{"minecraft:custom":{"minecraft:time_since_rest":137911,"minecraft:open_chest":2,"minecraft:sprint_one_cm":670870,"minecraft:crouch_one_cm":697,"minecraft:interact_with_furnace":1,"minecraft:play_time":137911,"minecraft:walk_one_cm":134851,"minecraft:sneak_time":273,"minecraft:bell_ring":5,"minecraft:walk_under_water_one_cm":1182,"minecraft:drop":9,"minecraft:jump":3048,"minecraft:damage_dealt":206,"minecraft:leave_game":12,"minecraft:walk_on_water_one_cm":3565,"minecraft:time_since_death":137911,"minecraft:total_world_time":137911,"minecraft:swim_one_cm":628,"minecraft:fall_one_cm":6086,"minecraft:fly_one_cm":1154244,"minecraft:player_kills":2},"minecraft:used":{"minecraft:emerald_ore":8,"minecraft:bedrock":23,"minecraft:lava_bucket":1,"minecraft:stone_sword":2,"minecraft:dirt":3,"minecraft:furnace":1,"minecraft:grass_block":10,"minecraft:obsidian":30},"minecraft:picked_up":{"minecraft:wheat_seeds":8,"minecraft:dirt":1},"minecraft:dropped":{"minecraft:wheat_seeds":8,"minecraft:emerald_ore":1},"minecraft:mined":{"minecraft:grass_block":1}},"DataVersion":3578}