{"stats":{"minecraft:custom":{"minecraft:open_chest":1,"minecraft:time_since_rest":87759,"minecraft:interact_with_furnace":1,"minecraft:crouch_one_cm":401,"minecraft:sprint_one_cm":477642,"minecraft:play_time":87759,"minecraft:walk_one_cm":110706,"minecraft:sneak_time":224,"minecraft:bell_ring":4,"minecraft:walk_under_water_one_cm":1182,"minecraft:drop":9,"minecraft:jump":2097,"minecraft:damage_dealt":206,"minecraft:leave_game":8,"minecraft:walk_on_water_one_cm":3565,"minecraft:time_since_death":87759,"minecraft:total_world_time":87759,"minecraft:swim_one_cm":628,"minecraft:fall_one_cm":6086,"minecraft:fly_one_cm":851670,"minecraft:player_kills":2},"minecraft:used":{"minecraft:emerald_ore":8,"minecraft:bedrock":23,"minecraft:lava_bucket":1,"minecraft:stone_sword":2,"minecraft:dirt":3,"minecraft:furnace":1,"minecraft:grass_block":8,"minecraft:obsidian":30},"minecraft:picked_up":{"minecraft:wheat_seeds":8,"minecraft:dirt":1},"minecraft:dropped":{"minecraft:wheat_seeds":8,"minecraft:emerald_ore":1},"minecraft:mined":{"minecraft:grass_block":1}},"DataVersion":3578}