{"stats":{"minecraft:custom":{"minecraft:interact_with_furnace":1,"minecraft:bell_ring":17,"minecraft:leave_game":19,"minecraft:time_since_death":264454,"minecraft:time_since_rest":264454,"minecraft:sprint_one_cm":1276505,"minecraft:damage_taken":100,"minecraft:walk_one_cm":256200,"minecraft:trigger_trapped_chest":2,"minecraft:drop":42,"minecraft:damage_dealt":206,"minecraft:swim_one_cm":49563,"minecraft:fly_one_cm":1927076,"minecraft:player_kills":2,"minecraft:open_chest":2,"minecraft:crouch_one_cm":812,"minecraft:play_time":264454,"minecraft:sneak_time":370,"minecraft:walk_under_water_one_cm":7424,"minecraft:jump":5762,"minecraft:walk_on_water_one_cm":14570,"minecraft:total_world_time":264454,"minecraft:fall_one_cm":40097},"minecraft:crafted":{"minecraft:oak_planks":48},"minecraft:used":{"minecraft:emerald_ore":8,"minecraft:stone_sword":2,"minecraft:stone_pickaxe":11,"minecraft:oak_planks":1,"minecraft:dirt":3,"minecraft:obsidian":30,"minecraft:lava_bucket":1,"minecraft:grass_block":11,"minecraft:bread":14,"minecraft:stone_axe":8,"minecraft:bedrock":23,"minecraft:furnace":1},"minecraft:picked_up":{"minecraft:enchanting_table":1,"croptopia:kale":1,"croptopia:sweetpotato_seed":2,"pixelmon:poke_ball":64,"minecraft:stone_brick_stairs":1,"minecraft:oak_log":12,"minecraft:brewing_stand":1,"pixelmon:white_apricorn":1,"minecraft:dirt":1,"minecraft:stone_bricks":1,"croptopia:sweetpotato":1,"minecraft:wheat_seeds":12,"minecraft:small_dripleaf":1,"croptopia:kale_seed":1,"minecraft:prismarine":1,"pixelmon:yellow_apricorn":2,"minecraft:furnace":1,"pixelmon:green_apricorn":1,"pixelmon:black_apricorn":7,"minecraft:prismarine_brick_stairs":1,"minecraft:green_bed":1,"minecraft:trapped_chest":1,"pixelmon:blue_apricorn":1,"minecraft:prismarine_wall":1,"minecraft:carved_pumpkin":1,"pixelmon:red_apricorn":6,"minecraft:emerald_ore":66,"minecraft:cobblestone":1},"minecraft:mined":{"minecraft:prismarine_wall":1,"croptopia:kale_crop":1,"croptopia:sweetpotato_crop":1,"minecraft:brewing_stand":1,"minecraft:carved_pumpkin":1,"minecraft:grass_block":1,"minecraft:tall_grass":6,"minecraft:cobblestone":1,"minecraft:prismarine":1,"minecraft:trapped_chest":1,"minecraft:furnace":1,"minecraft:stone_brick_stairs":1,"minecraft:enchanting_table":1,"minecraft:prismarine_brick_stairs":1,"minecraft:grass":17,"minecraft:oak_log":12,"minecraft:stone_bricks":1,"minecraft:oak_leaves":4,"minecraft:green_bed":1},"minecraft:dropped":{"minecraft:bread":9,"minecraft:stone_axe":1,"minecraft:wheat_seeds":12,"minecraft:stone_sword":1,"minecraft:emerald_ore":67,"minecraft:pig_spawn_egg":1,"croptopia:kale":1,"minecraft:dark_oak_sapling":1,"minecraft:stone_shovel":1,"minecraft:cobblestone":1,"croptopia:sweetpotato":1,"minecraft:prismarine":1,"minecraft:prismarine_brick_stairs":1,"croptopia:kale_seed":1,"pixelmon:rare_candy":6,"pixelmon:orange_trade_machine":1,"croptopia:sweetpotato_seed":2,"minecraft:small_dripleaf":1,"minecraft:carved_pumpkin":1,"minecraft:stone_bricks":1,"minecraft:cow_spawn_egg":1,"minecraft:stone_pickaxe":1,"minecraft:prismarine_wall":1,"minecraft:stone_brick_stairs":1,"pixelmon:poke_ball":79}},"DataVersion":3578}