{"stats":{"minecraft:custom":{"minecraft:time_since_rest":219087,"minecraft:open_chest":2,"minecraft:sprint_one_cm":1068121,"minecraft:crouch_one_cm":716,"minecraft:interact_with_furnace":1,"minecraft:play_time":219087,"minecraft:walk_one_cm":208088,"minecraft:sneak_time":301,"minecraft:bell_ring":17,"minecraft:walk_under_water_one_cm":3088,"minecraft:drop":10,"minecraft:jump":4585,"minecraft:damage_dealt":206,"minecraft:leave_game":14,"minecraft:walk_on_water_one_cm":4449,"minecraft:time_since_death":219087,"minecraft:total_world_time":219087,"minecraft:swim_one_cm":5399,"minecraft:fall_one_cm":8559,"minecraft:fly_one_cm":1631093,"minecraft:player_kills":2},"minecraft:used":{"minecraft:emerald_ore":8,"minecraft:bedrock":23,"minecraft:lava_bucket":1,"minecraft:stone_sword":2,"minecraft:dirt":3,"minecraft:furnace":1,"minecraft:grass_block":11,"minecraft:bread":3,"minecraft:obsidian":30},"minecraft:picked_up":{"minecraft:wheat_seeds":9,"minecraft:dirt":1,"minecraft:emerald_ore":1},"minecraft:dropped":{"minecraft:wheat_seeds":9,"minecraft:emerald_ore":1},"minecraft:mined":{"minecraft:grass":3,"minecraft:grass_block":1,"minecraft:tall_grass":6}},"DataVersion":3578}