{"stats":{"minecraft:used":{"minecraft:stone_sword":10,"minecraft:stone_axe":34,"minecraft:fire_charge":2,"minecraft:beef":1},"minecraft:mined":{"minecraft:torch":1,"minecraft:grass":11,"minecraft:chest":1},"minecraft:dropped":{"minecraft:stone_axe":1,"minecraft:compass":1,"minecraft:wheat_seeds":22,"minecraft:stone_sword":1,"minecraft:torch":1,"pixelmon:film":2,"minecraft:wheat":6,"minecraft:stone_shovel":2,"minecraft:golden_sword":1,"pixelmon:pokemail_steel":1,"pixelmon:antidote":1,"minecraft:stone_pickaxe":3,"pixelmon:twisted_spoon":1,"minecraft:brown_banner":2,"pixelmon:x_attack":1,"pixelmon:x_accuracy":1},"minecraft:custom":{"minecraft:time_since_rest":10232,"minecraft:sprint_one_cm":92490,"minecraft:walk_one_cm":24454,"minecraft:damage_taken":1412,"minecraft:drop":23,"minecraft:damage_dealt":1927,"minecraft:fly_one_cm":125646,"minecraft:player_kills":11,"minecraft:play_time":17612,"minecraft:deaths":2,"minecraft:walk_under_water_one_cm":3745,"minecraft:jump":520,"minecraft:walk_on_water_one_cm":5820,"minecraft:time_since_death":10200,"minecraft:total_world_time":17612,"minecraft:fall_one_cm":24718},"minecraft:picked_up":{"pixelmon:poke_ball_lid":8,"minecraft:stick":3,"minecraft:wheat":6,"pixelmon:x_accuracy":2,"minecraft:torch":4,"pixelmon:film":2,"pixelmon:poke_ball":8,"minecraft:porkchop":1,"minecraft:golden_sword":1,"pixelmon:x_special_attack":2,"pixelmon:pokemail_steel":1,"minecraft:compass":1,"minecraft:stone_sword":1,"pixelmon:guard_spec":1,"minecraft:stone_shovel":2,"minecraft:stone_axe":2,"pixelmon:paralyze_heal":1,"minecraft:wheat_seeds":45,"minecraft:gold_nugget":1,"pixelmon:potion":2,"minecraft:stone_pickaxe":2,"minecraft:bread":15,"minecraft:brown_banner":2,"minecraft:melon_seeds":1},"minecraft:killed_by":{"minecraft:player":1}},"DataVersion":3578}