{"stats":{"minecraft:picked_up":{"minecraft:wheat_seeds":4,"minecraft:dirt":1},"minecraft:custom":{"minecraft:time_since_rest":74566,"minecraft:sprint_one_cm":412471,"minecraft:crouch_one_cm":401,"minecraft:play_time":74566,"minecraft:walk_one_cm":98085,"minecraft:sneak_time":224,"minecraft:bell_ring":4,"minecraft:walk_under_water_one_cm":1182,"minecraft:drop":5,"minecraft:jump":1794,"minecraft:damage_dealt":196,"minecraft:leave_game":6,"minecraft:walk_on_water_one_cm":3565,"minecraft:time_since_death":74566,"minecraft:total_world_time":74566,"minecraft:player_kills":1,"minecraft:swim_one_cm":628,"minecraft:fall_one_cm":6086,"minecraft:fly_one_cm":715019},"minecraft:dropped":{"minecraft:wheat_seeds":4,"minecraft:emerald_ore":1},"minecraft:used":{"minecraft:bedrock":23,"minecraft:emerald_ore":8,"minecraft:lava_bucket":1,"minecraft:stone_sword":2,"minecraft:dirt":3,"minecraft:grass_block":8,"minecraft:obsidian":30},"minecraft:mined":{"minecraft:grass_block":1}},"DataVersion":3578}