{"stats":{"minecraft:killed_by":{"minecraft:player":1},"minecraft:mined":{"minecraft:wheat":13,"minecraft:crafting_table":2,"minecraft:torch":1,"minecraft:acacia_log":7,"minecraft:grass":12,"minecraft:chest":1},"minecraft:picked_up":{"pixelmon:poke_ball_lid":8,"minecraft:stick":3,"minecraft:crafting_table":2,"minecraft:wheat":19,"pixelmon:x_accuracy":2,"minecraft:torch":4,"minecraft:acacia_log":7,"pixelmon:film":2,"pixelmon:poke_ball":8,"minecraft:porkchop":1,"minecraft:golden_sword":1,"pixelmon:x_special_attack":2,"pixelmon:pokemail_steel":1,"minecraft:compass":1,"minecraft:stone_sword":1,"pixelmon:guard_spec":1,"minecraft:stone_shovel":2,"minecraft:stone_axe":2,"minecraft:wheat_seeds":62,"pixelmon:paralyze_heal":1,"minecraft:gold_nugget":1,"pixelmon:potion":2,"minecraft:stone_pickaxe":2,"minecraft:bread":15,"minecraft:brown_banner":2,"minecraft:melon_seeds":1,"minecraft:cobblestone":4},"minecraft:used":{"minecraft:stone_sword":10,"minecraft:bread":2,"minecraft:stone_axe":44,"minecraft:fire_charge":2,"minecraft:crafting_table":1,"minecraft:beef":1,"minecraft:trapped_chest":2},"minecraft:dropped":{"pixelmon:rare_candy":6,"minecraft:stone_axe":1,"minecraft:compass":1,"minecraft:wheat_seeds":39,"minecraft:stone_sword":1,"minecraft:torch":1,"minecraft:pig_spawn_egg":1,"pixelmon:orange_trade_machine":1,"pixelmon:film":2,"minecraft:wheat":6,"minecraft:oak_sapling":1,"minecraft:stone_shovel":2,"minecraft:golden_sword":1,"minecraft:cow_spawn_egg":1,"pixelmon:pokemail_steel":1,"pixelmon:antidote":1,"minecraft:stone_pickaxe":3,"pixelmon:twisted_spoon":1,"minecraft:brown_banner":2,"pixelmon:x_attack":1,"pixelmon:x_accuracy":1},"minecraft:custom":{"minecraft:time_since_rest":51147,"minecraft:sprint_one_cm":151068,"minecraft:damage_taken":1452,"minecraft:walk_one_cm":44823,"minecraft:trigger_trapped_chest":12,"minecraft:drop":32,"minecraft:damage_dealt":1937,"minecraft:swim_one_cm":14759,"minecraft:interact_with_crafting_table":1,"minecraft:fly_one_cm":201852,"minecraft:player_kills":11,"minecraft:play_time":58527,"minecraft:deaths":2,"minecraft:sneak_time":8,"minecraft:walk_under_water_one_cm":4261,"minecraft:jump":837,"minecraft:leave_game":2,"minecraft:time_since_death":51115,"minecraft:walk_on_water_one_cm":7754,"minecraft:total_world_time":58527,"minecraft:fall_one_cm":35011},"minecraft:crafted":{"minecraft:acacia_planks":28,"minecraft:bread":4}},"DataVersion":3578}