{"stats":{"minecraft:custom":{"minecraft:time_since_rest":231087,"minecraft:interact_with_furnace":1,"minecraft:sprint_one_cm":1127334,"minecraft:walk_one_cm":219410,"minecraft:drop":23,"minecraft:damage_dealt":206,"minecraft:swim_one_cm":5399,"minecraft:player_kills":2,"minecraft:fly_one_cm":1716136,"minecraft:open_chest":2,"minecraft:crouch_one_cm":716,"minecraft:play_time":231087,"minecraft:bell_ring":17,"minecraft:sneak_time":301,"minecraft:walk_under_water_one_cm":3088,"minecraft:jump":4878,"minecraft:leave_game":14,"minecraft:time_since_death":231087,"minecraft:walk_on_water_one_cm":4449,"minecraft:total_world_time":231087,"minecraft:fall_one_cm":15363},"minecraft:used":{"minecraft:emerald_ore":8,"minecraft:lava_bucket":1,"minecraft:stone_sword":2,"minecraft:bread":5,"minecraft:grass_block":11,"minecraft:bedrock":23,"minecraft:dirt":3,"minecraft:furnace":1,"minecraft:obsidian":30},"minecraft:picked_up":{"croptopia:kale":1,"pixelmon:poke_ball":64,"minecraft:dirt":1,"minecraft:wheat_seeds":9,"croptopia:kale_seed":1,"minecraft:emerald_ore":66},"minecraft:mined":{"croptopia:kale_crop":1,"minecraft:grass":13,"minecraft:grass_block":1,"minecraft:tall_grass":6},"minecraft:dropped":{"minecraft:bread":9,"croptopia:kale_seed":1,"minecraft:stone_axe":1,"minecraft:wheat_seeds":9,"minecraft:stone_sword":1,"minecraft:emerald_ore":67,"croptopia:kale":1,"minecraft:stone_shovel":1,"minecraft:stone_pickaxe":1,"pixelmon:poke_ball":79}},"DataVersion":3578}