{"stats":{"minecraft:picked_up":{"minecraft:dirt":1},"minecraft:custom":{"minecraft:jump":1314,"minecraft:time_since_rest":50566,"minecraft:leave_game":6,"minecraft:crouch_one_cm":127,"minecraft:play_time":50566,"minecraft:sprint_one_cm":284502,"minecraft:time_since_death":50566,"minecraft:walk_on_water_one_cm":1767,"minecraft:walk_one_cm":66233,"minecraft:bell_ring":4,"minecraft:sneak_time":146,"minecraft:total_world_time":50566,"minecraft:walk_under_water_one_cm":1182,"minecraft:swim_one_cm":628,"minecraft:fall_one_cm":6086,"minecraft:fly_one_cm":503015},"minecraft:used":{"minecraft:dirt":1,"minecraft:grass_block":5},"minecraft:mined":{"minecraft:grass_block":1}},"DataVersion":3578}