{"stats":{"minecraft:mined":{"minecraft:tuff":4,"minecraft:acacia_leaves":2,"minecraft:deepslate_diamond_ore":1,"minecraft:iron_ore":5,"minecraft:acacia_log":9,"minecraft:coal_ore":22,"minecraft:deepslate_iron_ore":6,"pixelmon:silver_ore":4,"minecraft:stone":26,"minecraft:deepslate":1},"minecraft:picked_up":{"minecraft:stick":2,"minecraft:raw_iron":11,"minecraft:acacia_log":9,"minecraft:tuff":4,"pixelmon:rare_candy":3,"pixelmon:silver_ore":4,"minecraft:diamond":1,"minecraft:cobbled_deepslate":1,"minecraft:oak_sapling":1,"minecraft:coal":22,"minecraft:cobblestone":22},"minecraft:used":{"minecraft:stone_pickaxe":61,"minecraft:bread":4,"minecraft:iron_pickaxe":8,"minecraft:stone_axe":11,"minecraft:cobblestone":14,"minecraft:crafting_table":1,"minecraft:oak_sapling":1,"minecraft:furnace":1,"minecraft:tuff":1,"minecraft:cobbled_deepslate":1},"minecraft:custom":{"minecraft:time_since_rest":14103,"minecraft:interact_with_furnace":3,"minecraft:sprint_one_cm":30703,"minecraft:damage_taken":210,"minecraft:walk_one_cm":15764,"minecraft:trigger_trapped_chest":3,"minecraft:swim_one_cm":10820,"minecraft:interact_with_crafting_table":2,"minecraft:fly_one_cm":28269,"minecraft:crouch_one_cm":3679,"minecraft:play_time":14103,"minecraft:sneak_time":2135,"minecraft:walk_under_water_one_cm":1995,"minecraft:jump":222,"minecraft:leave_game":1,"minecraft:walk_on_water_one_cm":15270,"minecraft:time_since_death":14103,"minecraft:total_world_time":14103,"minecraft:fall_one_cm":8714},"minecraft:crafted":{"minecraft:crafting_table":1,"minecraft:iron_ingot":3,"minecraft:iron_pickaxe":1,"minecraft:furnace":1,"minecraft:acacia_planks":36,"minecraft:air":0}},"DataVersion":3578}