{"stats":{"minecraft:custom":{"minecraft:time_since_rest":9160,"minecraft:crouch_one_cm":74,"minecraft:sprint_one_cm":94721,"minecraft:play_time":22767,"minecraft:damage_taken":210,"minecraft:walk_one_cm":33607,"minecraft:sneak_time":95,"minecraft:trigger_trapped_chest":4,"minecraft:walk_under_water_one_cm":2539,"minecraft:jump":642,"minecraft:leave_game":3,"minecraft:walk_on_water_one_cm":4897,"minecraft:time_since_death":22767,"minecraft:sleep_in_bed":1,"minecraft:total_world_time":22767,"minecraft:swim_one_cm":16249,"minecraft:fall_one_cm":19054,"minecraft:fly_one_cm":157207},"minecraft:crafted":{"minecraft:oak_planks":32,"minecraft:torch":12,"minecraft:stick":4},"minecraft:used":{"minecraft:stone_axe":10,"minecraft:stone_sword":4,"minecraft:stone_pickaxe":6,"minecraft:cooked_beef":4,"minecraft:green_bed":1},"minecraft:picked_up":{"minecraft:enchanting_table":1,"minecraft:dark_oak_sapling":1,"pixelmon:silver_ore":1,"croptopia:peach":4,"minecraft:apple":8,"minecraft:green_bed":2,"minecraft:oak_log":8,"minecraft:brewing_stand":1,"minecraft:coal":3,"pixelmon:rare_candy":3},"minecraft:mined":{"minecraft:grass":6,"minecraft:coal_ore":3,"minecraft:oak_log":8,"pixelmon:silver_ore":1,"minecraft:brewing_stand":1,"minecraft:green_bed":2,"minecraft:enchanting_table":1}},"DataVersion":3578}