{"stats":{"minecraft:mined":{"minecraft:coarse_dirt":5,"minecraft:enchanting_table":1,"minecraft:grass":1,"minecraft:acacia_log":27,"minecraft:grass_block":5,"minecraft:coal_ore":2,"minecraft:dirt_path":3,"minecraft:dirt":3,"minecraft:spruce_wood":2,"pixelmon:silver_ore":15,"minecraft:spruce_fence_gate":1,"minecraft:stone":5},"minecraft:picked_up":{"minecraft:enchanting_table":1,"minecraft:coarse_dirt":2,"minecraft:pig_spawn_egg":1,"minecraft:acacia_log":21,"pixelmon:curry_herb":1,"minecraft:dirt":6,"minecraft:spruce_fence_gate":1,"pixelmon:silver_ore":15,"minecraft:spruce_wood":2,"minecraft:grass":2,"minecraft:dark_oak_sign":1,"pixelmon:hondew_berry":3,"minecraft:coal":2,"pixelmon:orange_trade_machine":1,"minecraft:blaze_powder":1,"minecraft:cobblestone":5},"minecraft:used":{"minecraft:stone_shovel":16,"minecraft:stone_pickaxe":23,"minecraft:grass":1,"minecraft:stone_axe":31},"minecraft:dropped":{"minecraft:grass":1},"minecraft:custom":{"minecraft:time_since_rest":13276,"minecraft:sprint_one_cm":24836,"minecraft:damage_taken":100,"minecraft:walk_one_cm":44563,"minecraft:drop":1,"minecraft:fly_one_cm":40910,"minecraft:open_barrel":4,"minecraft:open_chest":7,"minecraft:crouch_one_cm":49,"minecraft:play_time":13276,"minecraft:sneak_time":78,"minecraft:interact_with_brewingstand":1,"minecraft:jump":196,"minecraft:leave_game":1,"minecraft:walk_on_water_one_cm":529,"minecraft:time_since_death":13276,"minecraft:climb_one_cm":588,"minecraft:total_world_time":13276,"minecraft:fall_one_cm":7389}},"DataVersion":3578}