{"stats":{"minecraft:custom":{"minecraft:time_since_rest":7289,"minecraft:play_time":7289,"minecraft:sprint_one_cm":13928,"minecraft:walk_one_cm":16062,"minecraft:sneak_time":5,"minecraft:drop":5,"minecraft:jump":111,"minecraft:time_since_death":7289,"minecraft:total_world_time":7289,"minecraft:fall_one_cm":2626,"minecraft:fly_one_cm":30236},"minecraft:used":{"minecraft:stone_axe":19,"minecraft:stone_sword":2,"croptopia:starfruit":1},"minecraft:picked_up":{"minecraft:lilac":2,"pixelmon:black_apricorn":7,"pixelmon:pink_apricorn":9,"croptopia:peach":1,"pixelmon:apricorn_leaves_blue":12,"minecraft:apple":1,"croptopia:starfruit":4,"minecraft:wheat_seeds":1,"croptopia:orange":7,"croptopia:cabbage_seed":2,"minecraft:oak_log":13,"croptopia:pepper_seed":2,"croptopia:pepper":1,"minecraft:oak_sapling":7,"pixelmon:yellow_apricorn":7,"croptopia:cabbage":1,"pixelmon:blue_apricorn":7},"minecraft:dropped":{"pixelmon:apricorn_leaves_blue":12,"minecraft:lilac":2},"minecraft:mined":{"croptopia:starfruit_crop":1,"minecraft:grass":1,"croptopia:pepper_crop":1,"minecraft:oak_log":13,"pixelmon:apricorn_leaves_blue":6,"croptopia:orange_crop":2,"minecraft:lilac":2,"minecraft:birch_leaves":1,"minecraft:oak_leaves":3,"croptopia:cabbage_crop":1}},"DataVersion":3578}