{"stats":{"minecraft:custom":{"minecraft:interact_with_crafting_table":1,"minecraft:open_barrel":19,"minecraft:time_since_death":26735,"minecraft:time_since_rest":26735,"minecraft:sprint_one_cm":78834,"minecraft:damage_taken":20,"minecraft:walk_one_cm":80723,"minecraft:trigger_trapped_chest":2,"minecraft:drop":38,"minecraft:damage_dealt":0,"minecraft:swim_one_cm":3285,"minecraft:fly_one_cm":115450,"minecraft:open_chest":6,"minecraft:crouch_one_cm":156,"minecraft:play_time":26735,"minecraft:sneak_time":96,"minecraft:walk_under_water_one_cm":1318,"minecraft:jump":434,"minecraft:interact_with_blast_furnace":1,"minecraft:walk_on_water_one_cm":861,"minecraft:total_world_time":26735,"minecraft:fall_one_cm":9805},"minecraft:crafted":{"minecraft:oak_planks":52},"minecraft:used":{"minecraft:stone_sword":6,"croptopia:lemon":1,"minecraft:stone_pickaxe":3,"croptopia:starfruit":2,"pixelmon:crystal_pickaxe":2,"croptopia:cabbage":1,"minecraft:stone_axe":35,"pixelmon:platinum_helmet":1,"minecraft:cooked_beef":1},"minecraft:picked_up":{"minecraft:enchanting_table":1,"pixelmon:acro_bike":1,"minecraft:lilac":3,"minecraft:prismarine_shard":1,"croptopia:peach":1,"pixelmon:pokemail_heart":1,"pixelmon:sweet_flower":1,"pixelmon:ultra_elm_sapling":2,"pixelmon:pink_berry_wood_boat":1,"croptopia:cabbage_seed":2,"minecraft:oak_log":13,"minecraft:string":4,"minecraft:lantern":1,"minecraft:item_frame":20,"minecraft:beetroot":1,"pixelmon:apricorn_leaves_blue":12,"minecraft:apple":1,"minecraft:wheat_seeds":1,"tcg:card":2,"pixelmon:wepear_berry":1,"croptopia:pepper_seed":2,"pixelmon:platinum_ingot":2,"tcg:deck":1,"minecraft:birch_sapling":1,"minecraft:honeycomb":1,"pixelmon:orange_trade_machine":1,"pixelmon:yellow_apricorn":7,"minecraft:furnace":1,"minecraft:book":42,"pixelmon:green_apricorn":6,"pixelmon:black_apricorn":7,"minecraft:sweet_berries":2,"croptopia:apricot":2,"croptopia:starfruit":4,"minecraft:pig_spawn_egg":1,"minecraft:green_bed":1,"minecraft:blast_furnace":1,"pixelmon:pokemail_bloom":1,"minecraft:trapped_chest":1,"pixelmon:blue_apricorn":7,"minecraft:stone_sword":1,"croptopia:lemon":1,"pixelmon:pink_apricorn":9,"croptopia:orange":8,"minecraft:hay_block":18,"minecraft:red_tulip":2,"minecraft:painting":34,"minecraft:pink_tulip":1,"croptopia:pepper":1,"minecraft:oak_sapling":7,"croptopia:cabbage":1,"minecraft:sunflower":1},"minecraft:mined":{"croptopia:starfruit_crop":1,"croptopia:pepper_crop":1,"croptopia:orange_crop":2,"pixelmon:berry_plant_wepear":1,"minecraft:blast_furnace":1,"pixelmon:apricorn_leaves_blue":6,"minecraft:hay_block":18,"minecraft:trapped_chest":1,"minecraft:furnace":1,"minecraft:lilac":2,"minecraft:birch_leaves":1,"minecraft:enchanting_table":1,"minecraft:grass":1,"minecraft:bookshelf":14,"minecraft:oak_log":13,"minecraft:lantern":1,"minecraft:cobweb":4,"minecraft:oak_leaves":3,"minecraft:green_bed":1,"croptopia:cabbage_crop":1},"minecraft:dropped":{"pixelmon:pokemail_bloom":1,"minecraft:sweet_berries":2,"pixelmon:wepear_berry":1,"minecraft:wheat_seeds":2,"minecraft:lilac":2,"minecraft:stone_sword":1,"tcg:deck":1,"croptopia:cabbage_seed":2,"minecraft:prismarine_shard":1,"minecraft:beetroot":1,"croptopia:chile_pepper":1,"pixelmon:apricorn_leaves_blue":12,"minecraft:honeycomb":1,"tcg:card":2,"croptopia:chile_pepper_seed":1,"pixelmon:ultra_elm_sapling":2,"minecraft:item_frame":15,"pixelmon:pokemail_heart":1,"minecraft:oak_sapling":7,"minecraft:painting":28,"croptopia:pepper_seed":2,"minecraft:red_tulip":2,"pixelmon:sweet_flower":1,"minecraft:pink_tulip":1}},"DataVersion":3578}