{"stats":{"minecraft:custom":{"minecraft:jump":419,"minecraft:time_since_rest":16805,"minecraft:leave_game":2,"minecraft:crouch_one_cm":90,"minecraft:play_time":16805,"minecraft:sprint_one_cm":45470,"minecraft:damage_taken":50,"minecraft:time_since_death":16805,"minecraft:walk_one_cm":27576,"minecraft:sneak_time":97,"minecraft:total_world_time":16805,"minecraft:fall_one_cm":22088,"minecraft:fly_one_cm":72783},"minecraft:used":{"minecraft:cooked_beef":2},"minecraft:picked_up":{"pixelmon:razz_berry":6,"pixelmon:niniku_berry":5,"pixelmon:rindo_berry":10,"pixelmon:kelpsy_berry":18,"pixelmon:berry_leaves_kelpsy":1,"pixelmon:rawst_berry":10}},"DataVersion":3578}