{"stats":{"minecraft:mined":{"minecraft:acacia_log":15,"minecraft:coal_ore":1,"minecraft:acacia_leaves":3,"minecraft:dirt":1,"minecraft:iron_ore":5,"minecraft:stone":8,"minecraft:orange_bed":1},"minecraft:picked_up":{"minecraft:raw_iron":5,"minecraft:orange_bed":1,"minecraft:acacia_log":10,"pixelmon:curry_herb":1,"minecraft:acacia_sapling":1,"minecraft:dirt":1,"minecraft:coal":1,"minecraft:cobblestone":8,"minecraft:stick":2},"minecraft:used":{"minecraft:stone_axe":18,"minecraft:dirt":1,"minecraft:stone_sword":1,"minecraft:crafting_table":1,"minecraft:furnace":1,"minecraft:stone_pickaxe":14,"minecraft:acacia_sapling":1},"minecraft:dropped":{"pixelmon:curry_herb":1},"minecraft:custom":{"minecraft:interact_with_furnace":5,"minecraft:time_since_rest":8071,"minecraft:open_chest":1,"minecraft:crouch_one_cm":643,"minecraft:play_time":8071,"minecraft:sprint_one_cm":10628,"minecraft:damage_taken":13,"minecraft:walk_one_cm":12551,"minecraft:sneak_time":513,"minecraft:drop":1,"minecraft:jump":212,"minecraft:damage_dealt":90,"minecraft:time_since_death":8071,"minecraft:total_world_time":8071,"minecraft:interact_with_crafting_table":2,"minecraft:fall_one_cm":7582,"minecraft:fly_one_cm":25167},"minecraft:crafted":{"minecraft:furnace":1,"minecraft:acacia_planks":28,"minecraft:crafting_table":1,"minecraft:stick":8,"minecraft:air":0,"minecraft:iron_ingot":4}},"DataVersion":3578}