{"stats":{"minecraft:custom":{"minecraft:interact_with_furnace":6,"minecraft:interact_with_crafting_table":2,"minecraft:leave_game":3,"minecraft:time_since_death":53301,"minecraft:time_since_rest":53301,"minecraft:sprint_one_cm":152731,"minecraft:damage_taken":140,"minecraft:walk_one_cm":104191,"minecraft:trigger_trapped_chest":2,"minecraft:drop":25,"minecraft:swim_one_cm":7039,"minecraft:fly_one_cm":254498,"minecraft:crouch_one_cm":893,"minecraft:play_time":53301,"minecraft:sneak_time":675,"minecraft:walk_under_water_one_cm":821,"minecraft:jump":1402,"minecraft:walk_on_water_one_cm":940,"minecraft:total_world_time":53301,"minecraft:fall_one_cm":55687},"minecraft:crafted":{"minecraft:oak_planks":36,"minecraft:crafting_table":1,"minecraft:furnace":1,"minecraft:stone_axe":1,"minecraft:air":0,"minecraft:charcoal":3,"minecraft:stick":8,"minecraft:torch":12},"minecraft:used":{"minecraft:stone_pickaxe":33,"minecraft:oak_planks":3,"minecraft:torch":6,"minecraft:crafting_table":2,"minecraft:stone_axe":26,"minecraft:furnace":1,"minecraft:cooked_beef":6},"minecraft:picked_up":{"minecraft:enchanting_table":1,"minecraft:pink_petals":2,"minecraft:crafting_table":2,"minecraft:wheat":1,"minecraft:anvil":2,"pixelmon:berry_leaves_kelpsy":1,"croptopia:grape_seed":2,"minecraft:potato":25,"pixelmon:razz_berry":12,"pixelmon:kelpsy_berry":19,"minecraft:oak_log":12,"minecraft:brewing_stand":1,"minecraft:lantern":1,"pixelmon:rindo_berry":12,"minecraft:apple":4,"minecraft:wheat_seeds":2,"pixelmon:drash_berry":10,"pixelmon:yellow_apricorn":4,"minecraft:furnace":1,"minecraft:book":39,"pixelmon:green_apricorn":3,"pixelmon:black_apricorn":15,"minecraft:stick":1,"minecraft:torch":2,"pixelmon:topo_berry":9,"minecraft:green_bed":1,"pixelmon:cooking_pot":1,"pixelmon:niniku_berry":9,"minecraft:carrot":141,"croptopia:grape":1,"pixelmon:silver_ore":13,"pixelmon:pink_apricorn":1,"croptopia:orange":2,"pixelmon:rawst_berry":13,"minecraft:cobblestone":11},"minecraft:mined":{"minecraft:brewing_stand":1,"minecraft:crafting_table":2,"minecraft:torch":1,"minecraft:grass_block":1,"minecraft:tall_grass":1,"minecraft:wall_torch":1,"minecraft:pink_petals":1,"minecraft:furnace":1,"minecraft:anvil":2,"minecraft:enchanting_table":1,"minecraft:grass":5,"minecraft:bookshelf":13,"minecraft:oak_log":12,"pixelmon:silver_ore":13,"minecraft:stone":11,"minecraft:oak_leaves":1,"minecraft:green_bed":1},"minecraft:dropped":{"minecraft:stone_axe":2,"minecraft:wheat_seeds":4,"minecraft:stone_sword":1,"minecraft:wheat":1,"minecraft:stone_shovel":2,"croptopia:orange":2,"minecraft:rotten_flesh":1,"croptopia:chile_pepper":1,"minecraft:lantern":1,"croptopia:grape":1,"croptopia:chile_pepper_seed":1,"pixelmon:berry_leaves_kelpsy":1,"minecraft:carrot":77,"pixelmon:pokemail_grass":1,"croptopia:grape_seed":2,"minecraft:stone_pickaxe":1,"minecraft:pink_petals":2,"minecraft:white_wool":1,"minecraft:bone":1}},"DataVersion":3578}