{"stats":{"minecraft:custom":{"minecraft:jump":539,"minecraft:time_since_rest":23691,"minecraft:walk_on_water_one_cm":148,"minecraft:leave_game":3,"minecraft:crouch_one_cm":296,"minecraft:play_time":23691,"minecraft:sprint_one_cm":59065,"minecraft:damage_taken":80,"minecraft:time_since_death":23691,"minecraft:walk_one_cm":34719,"minecraft:sneak_time":188,"minecraft:total_world_time":23691,"minecraft:fall_one_cm":27969,"minecraft:fly_one_cm":94313},"minecraft:used":{"minecraft:cooked_beef":2},"minecraft:picked_up":{"pixelmon:razz_berry":6,"pixelmon:niniku_berry":5,"pixelmon:rindo_berry":10,"pixelmon:kelpsy_berry":18,"pixelmon:berry_leaves_kelpsy":1,"minecraft:apple":4,"pixelmon:rawst_berry":10}},"DataVersion":3578}