{"stats":{"minecraft:custom":{"minecraft:time_since_rest":29244,"minecraft:crouch_one_cm":542,"minecraft:sprint_one_cm":77770,"minecraft:play_time":29244,"minecraft:damage_taken":90,"minecraft:walk_one_cm":53970,"minecraft:sneak_time":505,"minecraft:drop":8,"minecraft:jump":701,"minecraft:leave_game":3,"minecraft:walk_on_water_one_cm":203,"minecraft:time_since_death":29244,"minecraft:total_world_time":29244,"minecraft:fall_one_cm":32418,"minecraft:fly_one_cm":117798},"minecraft:used":{"minecraft:cooked_beef":3},"minecraft:picked_up":{"pixelmon:rindo_berry":12,"pixelmon:berry_leaves_kelpsy":1,"minecraft:apple":4,"minecraft:potato":25,"pixelmon:razz_berry":12,"pixelmon:niniku_berry":9,"pixelmon:kelpsy_berry":19,"pixelmon:drash_berry":10,"minecraft:carrot":25,"pixelmon:rawst_berry":13},"minecraft:dropped":{"minecraft:rotten_flesh":1,"minecraft:stone_axe":2,"minecraft:wheat_seeds":1,"minecraft:stone_pickaxe":1,"minecraft:stone_sword":1,"pixelmon:berry_leaves_kelpsy":1,"minecraft:stone_shovel":1}},"DataVersion":3578}