{"stats":{"minecraft:custom":{"minecraft:time_since_rest":41244,"minecraft:crouch_one_cm":886,"minecraft:sprint_one_cm":104311,"minecraft:play_time":41244,"minecraft:damage_taken":110,"minecraft:walk_one_cm":81449,"minecraft:sneak_time":650,"minecraft:drop":10,"minecraft:jump":1015,"minecraft:leave_game":3,"minecraft:walk_on_water_one_cm":203,"minecraft:time_since_death":41244,"minecraft:total_world_time":41244,"minecraft:fall_one_cm":44024,"minecraft:fly_one_cm":171880},"minecraft:used":{"minecraft:cooked_beef":4},"minecraft:picked_up":{"minecraft:wheat":1,"pixelmon:rindo_berry":12,"pixelmon:berry_leaves_kelpsy":1,"minecraft:apple":4,"minecraft:wheat_seeds":1,"pixelmon:topo_berry":9,"minecraft:potato":25,"pixelmon:razz_berry":12,"pixelmon:niniku_berry":9,"pixelmon:kelpsy_berry":19,"pixelmon:drash_berry":10,"minecraft:carrot":141,"pixelmon:rawst_berry":13},"minecraft:dropped":{"minecraft:rotten_flesh":1,"minecraft:stone_axe":2,"minecraft:wheat_seeds":2,"minecraft:stone_pickaxe":1,"minecraft:stone_sword":1,"pixelmon:berry_leaves_kelpsy":1,"minecraft:wheat":1,"minecraft:stone_shovel":1}},"DataVersion":3578}