{"stats":{"minecraft:mined":{"minecraft:hay_block":30,"minecraft:acacia_fence_gate":1,"minecraft:barrel":4,"minecraft:brewing_stand":1,"minecraft:crafting_table":3,"minecraft:grass":1,"minecraft:oak_log":23,"minecraft:coal_ore":6,"minecraft:chest":7,"minecraft:tall_grass":1},"minecraft:picked_up":{"pixelmon:antidote":1,"pixelmon:poke_ball_lid":22,"pixelmon:old_gateau":2,"minecraft:stick":4,"minecraft:crafting_table":3,"pixelmon:black_tumblestone":1,"minecraft:feather":3,"pixelmon:x_accuracy":2,"minecraft:yellow_dye":1,"minecraft:potato":7,"pixelmon:film":4,"minecraft:porkchop":2,"minecraft:flint":3,"minecraft:oak_log":23,"pixelmon:ice_heal":2,"minecraft:brewing_stand":1,"pixelmon:roserade_tea":1,"minecraft:carrot":8,"pixelmon:miracle_seed":1,"minecraft:barrel":4,"pixelmon:x_special_attack":3,"pixelmon:durin_berry":2,"pixelmon:big_malasada":1,"pixelmon:x_attack":1,"pixelmon:guard_spec":2,"pixelmon:pinap_juice":1,"minecraft:wheat_seeds":2,"pixelmon:skitty_smoothie":1,"minecraft:hay_block":30,"pixelmon:potion":5,"minecraft:acacia_fence_gate":1,"minecraft:grass":2,"minecraft:oak_boat":1,"minecraft:emerald":1,"minecraft:bread":3,"pixelmon:green_shard":1,"minecraft:acacia_sapling":4,"minecraft:chest":7,"pixelmon:health_feather":2,"pixelmon:moomoo_milk":1,"minecraft:coal":6,"pixelmon:awakening":1,"minecraft:egg":2},"minecraft:used":{"minecraft:stone_pickaxe":8,"minecraft:stone_axe":38,"minecraft:crafting_table":3,"minecraft:oak_boat":2},"minecraft:dropped":{"minecraft:grass":2,"minecraft:wheat_seeds":2,"minecraft:feather":3,"minecraft:acacia_fence_gate":1,"minecraft:stick":4,"minecraft:egg":2},"minecraft:custom":{"minecraft:time_since_rest":12671,"minecraft:sprint_one_cm":26459,"minecraft:damage_taken":40,"minecraft:walk_one_cm":20747,"minecraft:trigger_trapped_chest":1,"minecraft:drop":7,"minecraft:damage_dealt":10,"minecraft:swim_one_cm":1610,"minecraft:interact_with_crafting_table":3,"minecraft:fly_one_cm":42300,"minecraft:open_barrel":9,"minecraft:open_chest":14,"minecraft:crouch_one_cm":4485,"minecraft:play_time":12671,"minecraft:sneak_time":1378,"minecraft:walk_under_water_one_cm":664,"minecraft:boat_one_cm":45346,"minecraft:interact_with_brewingstand":1,"minecraft:jump":150,"minecraft:leave_game":1,"minecraft:time_since_death":12671,"minecraft:walk_on_water_one_cm":2322,"minecraft:total_world_time":12671,"minecraft:climb_one_cm":656,"minecraft:fall_one_cm":4526},"minecraft:crafted":{"minecraft:oak_boat":2,"minecraft:oak_planks":16,"minecraft:crafting_table":1}},"DataVersion":3578}