{"stats":{"minecraft:custom":{"minecraft:time_since_rest":2062,"minecraft:sprint_one_cm":215020,"minecraft:damage_taken":656,"minecraft:walk_one_cm":66576,"minecraft:trigger_trapped_chest":1,"minecraft:drop":4,"minecraft:swim_one_cm":23704,"minecraft:fly_one_cm":474035,"minecraft:open_chest":2,"minecraft:crouch_one_cm":2118,"minecraft:play_time":51961,"minecraft:deaths":5,"minecraft:sneak_time":687,"minecraft:walk_under_water_one_cm":2733,"minecraft:jump":1984,"minecraft:leave_game":9,"minecraft:sleep_in_bed":1,"minecraft:time_since_death":10667,"minecraft:walk_on_water_one_cm":3583,"minecraft:total_world_time":51961,"minecraft:climb_one_cm":699,"minecraft:fall_one_cm":56621,"minecraft:horse_one_cm":219186},"minecraft:crafted":{"minecraft:oak_planks":8,"pixelmon:yellow_berry_wood_planks":8,"minecraft:acacia_planks":4},"minecraft:used":{"minecraft:emerald_ore":2,"pixelmon:yellow_berry_wood_planks":4,"minecraft:stone_sword":8,"minecraft:apple":5,"minecraft:stone_shovel":5,"minecraft:stone_pickaxe":4,"minecraft:oak_planks":4,"croptopia:starfruit":1,"pixelmon:gold_hammer":1,"croptopia:persimmon":1,"minecraft:lilac":4,"minecraft:stone_axe":2,"croptopia:peach":8,"minecraft:dirt":9,"minecraft:cobblestone":2,"croptopia:chile_pepper":1,"croptopia:sweetpotato":3,"minecraft:stone_pressure_plate":1,"minecraft:cooked_beef":3,"minecraft:acacia_planks":4,"croptopia:orange":2},"minecraft:killed_by":{"minecraft:player":2},"minecraft:picked_up":{"minecraft:lilac":4,"croptopia:peach":8,"croptopia:soybean_seed":2,"croptopia:starfruit":1,"croptopia:sweetpotato_seed":3,"pixelmon:poke_ball":1,"minecraft:oak_log":2,"pixelmon:apricorn_log":2,"minecraft:dirt":17,"minecraft:stone_pressure_plate":1,"croptopia:chile_pepper":1,"minecraft:stripped_acacia_log":1,"croptopia:soybean":1,"croptopia:persimmon":1,"minecraft:apple":22,"croptopia:sweetpotato":3,"minecraft:wheat_seeds":5,"croptopia:orange":5,"minecraft:emerald_ore":2,"minecraft:cobblestone":2},"minecraft:dropped":{"minecraft:emerald_ore":1,"croptopia:chile_pepper":1,"croptopia:soybean_seed":2,"croptopia:chile_pepper_seed":1},"minecraft:mined":{"croptopia:barley_crop":1,"minecraft:lilac":4,"croptopia:soybean_crop":1,"croptopia:sweetpotato_crop":3,"minecraft:grass":35,"minecraft:grass_block":7,"minecraft:oak_log":2,"pixelmon:apricorn_log":2,"minecraft:dirt":10,"minecraft:stripped_acacia_log":1,"minecraft:tall_grass":31,"minecraft:stone":2}},"DataVersion":3578}