{"stats":{"minecraft:picked_up":{"minecraft:lilac":4,"croptopia:peach":7,"croptopia:sweetpotato_seed":1,"pixelmon:poke_ball":1,"minecraft:oak_log":2,"pixelmon:apricorn_log":2,"minecraft:dirt":16,"minecraft:stone_pressure_plate":1,"croptopia:chile_pepper":1,"minecraft:stripped_acacia_log":1,"minecraft:apple":5,"croptopia:sweetpotato":1,"minecraft:wheat_seeds":3,"croptopia:orange":2,"minecraft:emerald_ore":2,"minecraft:cobblestone":2},"minecraft:killed_by":{"minecraft:player":1},"minecraft:crafted":{"minecraft:oak_planks":8,"pixelmon:yellow_berry_wood_planks":8,"minecraft:acacia_planks":4},"minecraft:custom":{"minecraft:time_since_rest":687,"minecraft:sprint_one_cm":134558,"minecraft:damage_taken":566,"minecraft:walk_one_cm":57062,"minecraft:drop":3,"minecraft:swim_one_cm":9667,"minecraft:fly_one_cm":289709,"minecraft:open_chest":1,"minecraft:crouch_one_cm":2061,"minecraft:play_time":38798,"minecraft:deaths":3,"minecraft:sneak_time":645,"minecraft:walk_under_water_one_cm":401,"minecraft:jump":1316,"minecraft:leave_game":8,"minecraft:time_since_death":663,"minecraft:walk_on_water_one_cm":1248,"minecraft:climb_one_cm":699,"minecraft:total_world_time":38798,"minecraft:fall_one_cm":36179,"minecraft:horse_one_cm":219186},"minecraft:dropped":{"minecraft:emerald_ore":1,"croptopia:chile_pepper":1,"croptopia:chile_pepper_seed":1},"minecraft:used":{"minecraft:emerald_ore":2,"pixelmon:yellow_berry_wood_planks":4,"minecraft:stone_sword":8,"minecraft:stone_shovel":5,"minecraft:stone_pickaxe":4,"minecraft:oak_planks":4,"pixelmon:gold_hammer":1,"minecraft:lilac":4,"minecraft:stone_axe":2,"croptopia:peach":7,"minecraft:dirt":8,"minecraft:cobblestone":2,"croptopia:chile_pepper":1,"croptopia:sweetpotato":1,"minecraft:stone_pressure_plate":1,"minecraft:cooked_beef":3,"minecraft:acacia_planks":4},"minecraft:mined":{"croptopia:barley_crop":1,"minecraft:lilac":4,"croptopia:sweetpotato_crop":1,"minecraft:grass":32,"minecraft:grass_block":6,"minecraft:oak_log":2,"pixelmon:apricorn_log":2,"minecraft:dirt":10,"minecraft:stripped_acacia_log":1,"minecraft:tall_grass":25,"minecraft:stone":2}},"DataVersion":3578}