{"stats":{"minecraft:used":{"minecraft:wooden_sword":11,"minecraft:stone_sword":2,"minecraft:crafting_table":2},"minecraft:mined":{"minecraft:grass":16,"minecraft:acacia_log":2,"minecraft:oak_log":3},"minecraft:custom":{"minecraft:open_barrel":6,"minecraft:time_since_rest":7260,"minecraft:open_chest":7,"minecraft:walk_one_cm":24866,"minecraft:play_time":14671,"minecraft:sprint_one_cm":47164,"minecraft:damage_taken":2301,"minecraft:deaths":9,"minecraft:sneak_time":25,"minecraft:walk_under_water_one_cm":22,"minecraft:jump":293,"minecraft:damage_dealt":571,"minecraft:leave_game":1,"minecraft:time_since_death":7214,"minecraft:walk_on_water_one_cm":3577,"minecraft:total_world_time":14671,"minecraft:climb_one_cm":595,"minecraft:swim_one_cm":448,"minecraft:interact_with_crafting_table":2,"minecraft:fall_one_cm":24024,"minecraft:fly_one_cm":65310,"minecraft:player_kills":1},"minecraft:crafted":{"minecraft:wooden_sword":2,"minecraft:oak_planks":12,"minecraft:acacia_planks":8,"minecraft:crafting_table":2,"minecraft:stick":8},"minecraft:picked_up":{"pixelmon:poke_ball_lid":1,"pixelmon:big_malasada":1,"pixelmon:guard_spec":1,"minecraft:wheat_seeds":12,"minecraft:acacia_log":2,"minecraft:porkchop":2,"minecraft:oak_log":3,"minecraft:bread":3,"pixelmon:x_special_attack":2},"minecraft:killed_by":{"minecraft:player":7}},"DataVersion":3578}