{"stats":{"minecraft:custom":{"minecraft:open_barrel":1,"minecraft:leave_game":15,"minecraft:time_since_death":49065,"minecraft:sleep_in_bed":1,"minecraft:climb_one_cm":1372,"minecraft:time_since_rest":40460,"minecraft:sprint_one_cm":337156,"minecraft:damage_taken":976,"minecraft:walk_one_cm":107864,"minecraft:trigger_trapped_chest":4,"minecraft:drop":11,"minecraft:damage_dealt":10,"minecraft:swim_one_cm":48637,"minecraft:fly_one_cm":700909,"minecraft:open_chest":14,"minecraft:play_time":90359,"minecraft:crouch_one_cm":3956,"minecraft:deaths":5,"minecraft:sneak_time":1574,"minecraft:walk_under_water_one_cm":3319,"minecraft:interact_with_brewingstand":2,"minecraft:jump":2953,"minecraft:walk_on_water_one_cm":5913,"minecraft:total_world_time":90359,"minecraft:fall_one_cm":85971,"minecraft:horse_one_cm":219186},"minecraft:crafted":{"minecraft:oak_planks":56,"pixelmon:yellow_berry_wood_planks":8,"minecraft:acacia_planks":4},"minecraft:used":{"minecraft:emerald_ore":2,"minecraft:stone_sword":16,"minecraft:stone_pickaxe":11,"minecraft:stone_shovel":5,"minecraft:oak_planks":13,"croptopia:starfruit":1,"pixelmon:gold_hammer":1,"minecraft:dirt":9,"croptopia:chile_pepper":1,"croptopia:sweetpotato":3,"croptopia:orange":3,"pixelmon:razz_berry":1,"pixelmon:yellow_berry_wood_planks":4,"minecraft:apple":19,"minecraft:bread":1,"minecraft:lilac":4,"croptopia:persimmon":1,"minecraft:stone_axe":38,"croptopia:peach":8,"minecraft:cobblestone":2,"minecraft:stone_pressure_plate":1,"minecraft:cooked_beef":3,"minecraft:acacia_planks":4},"minecraft:killed_by":{"minecraft:player":2},"minecraft:picked_up":{"minecraft:lilac":4,"croptopia:peach":8,"minecraft:leather":2,"croptopia:sweetpotato_seed":3,"pixelmon:poke_ball":16,"pixelmon:razz_berry":1,"pixelmon:aluminium_ingot":1,"minecraft:oak_log":14,"pixelmon:apricorn_leaves_yellow":1,"minecraft:brewing_stand":1,"pixelmon:fridge":1,"pixelmon:rare_candy":3,"croptopia:celery":1,"minecraft:blue_bed":1,"minecraft:dirt":24,"croptopia:soybean":1,"minecraft:apple":22,"croptopia:sweetpotato":3,"minecraft:wheat_seeds":8,"minecraft:stone_pickaxe":1,"pixelmon:yellow_apricorn":1,"minecraft:book":42,"croptopia:soybean_seed":2,"croptopia:starfruit":1,"minecraft:oak_fence":1,"minecraft:green_bed":1,"pixelmon:cooking_pot":1,"croptopia:celery_seed":2,"pixelmon:apricorn_log":2,"minecraft:stone_pressure_plate":1,"croptopia:chile_pepper":1,"minecraft:stripped_acacia_log":1,"minecraft:stone_sword":1,"minecraft:stone_shovel":1,"croptopia:persimmon":1,"minecraft:stone_axe":1,"minecraft:cow_spawn_egg":1,"minecraft:hay_block":4,"croptopia:orange":5,"minecraft:bread":9,"minecraft:cobblestone":2,"minecraft:andesite_slab":2,"minecraft:white_wool":3,"minecraft:emerald_ore":4},"minecraft:dropped":{"minecraft:wheat_seeds":5,"minecraft:emerald_ore":2,"pixelmon:apricorn_leaves_yellow":1,"croptopia:chile_pepper":1,"croptopia:soybean_seed":2,"croptopia:chile_pepper_seed":1,"croptopia:celery_seed":2,"minecraft:dirt":4,"croptopia:sweetpotato_seed":2,"croptopia:soybean":1},"minecraft:mined":{"minecraft:glass_pane":6,"pixelmon:green_healer":1,"croptopia:sweetpotato_crop":3,"minecraft:brewing_stand":1,"minecraft:oak_fence":1,"minecraft:grass_block":14,"minecraft:chest":1,"minecraft:andesite_slab":1,"minecraft:tall_grass":43,"minecraft:cobblestone":1,"minecraft:blue_bed":1,"minecraft:hay_block":4,"croptopia:barley_crop":2,"pixelmon:fridge":1,"minecraft:lilac":4,"croptopia:soybean_crop":1,"minecraft:grass":60,"minecraft:bookshelf":14,"minecraft:oak_log":14,"croptopia:celery_crop":1,"pixelmon:apricorn_log":2,"minecraft:lime_terracotta":1,"minecraft:dirt":10,"minecraft:stripped_acacia_log":1,"minecraft:stone":2,"minecraft:oak_leaves":4,"minecraft:green_bed":1}},"DataVersion":3578}