{"stats":{"minecraft:custom":{"minecraft:leave_game":11,"minecraft:time_since_death":33941,"minecraft:sleep_in_bed":1,"minecraft:climb_one_cm":699,"minecraft:time_since_rest":25336,"minecraft:sprint_one_cm":268565,"minecraft:walk_one_cm":89661,"minecraft:damage_taken":726,"minecraft:trigger_trapped_chest":3,"minecraft:drop":6,"minecraft:damage_dealt":10,"minecraft:swim_one_cm":44805,"minecraft:fly_one_cm":615668,"minecraft:open_chest":2,"minecraft:crouch_one_cm":2688,"minecraft:play_time":75235,"minecraft:deaths":5,"minecraft:sneak_time":1293,"minecraft:walk_under_water_one_cm":3121,"minecraft:jump":2541,"minecraft:walk_on_water_one_cm":4445,"minecraft:total_world_time":75235,"minecraft:fall_one_cm":72970,"minecraft:horse_one_cm":219186},"minecraft:crafted":{"minecraft:oak_planks":8,"pixelmon:yellow_berry_wood_planks":8,"minecraft:acacia_planks":4},"minecraft:used":{"minecraft:emerald_ore":2,"minecraft:stone_sword":8,"minecraft:stone_pickaxe":4,"minecraft:stone_shovel":5,"minecraft:oak_planks":4,"croptopia:starfruit":1,"pixelmon:gold_hammer":1,"minecraft:dirt":9,"croptopia:chile_pepper":1,"croptopia:sweetpotato":3,"croptopia:orange":3,"pixelmon:yellow_berry_wood_planks":4,"minecraft:apple":13,"minecraft:lilac":4,"minecraft:stone_axe":2,"croptopia:persimmon":1,"minecraft:cobblestone":2,"croptopia:peach":8,"minecraft:stone_pressure_plate":1,"minecraft:cooked_beef":3,"minecraft:acacia_planks":4},"minecraft:killed_by":{"minecraft:player":2},"minecraft:picked_up":{"minecraft:lilac":4,"croptopia:peach":8,"minecraft:leather":2,"croptopia:sweetpotato_seed":3,"pixelmon:poke_ball":16,"pixelmon:razz_berry":1,"minecraft:oak_log":2,"pixelmon:rare_candy":3,"minecraft:dirt":17,"croptopia:soybean":1,"minecraft:apple":22,"croptopia:sweetpotato":3,"minecraft:wheat_seeds":8,"minecraft:stone_pickaxe":1,"croptopia:soybean_seed":2,"croptopia:starfruit":1,"minecraft:green_bed":1,"pixelmon:apricorn_log":2,"minecraft:stone_pressure_plate":1,"croptopia:chile_pepper":1,"minecraft:stripped_acacia_log":1,"minecraft:stone_sword":1,"minecraft:stone_shovel":1,"croptopia:persimmon":1,"minecraft:stone_axe":1,"croptopia:orange":5,"minecraft:bread":9,"minecraft:emerald_ore":4,"minecraft:white_wool":3,"minecraft:cobblestone":2},"minecraft:mined":{"croptopia:sweetpotato_crop":3,"minecraft:grass_block":7,"minecraft:tall_grass":42,"croptopia:barley_crop":2,"minecraft:lilac":4,"croptopia:soybean_crop":1,"minecraft:grass":56,"minecraft:oak_log":2,"pixelmon:apricorn_log":2,"minecraft:dirt":10,"minecraft:stripped_acacia_log":1,"minecraft:stone":2,"minecraft:green_bed":1},"minecraft:dropped":{"minecraft:emerald_ore":2,"croptopia:chile_pepper":1,"croptopia:soybean_seed":2,"croptopia:chile_pepper_seed":1,"croptopia:soybean":1}},"DataVersion":3578}