{"stats":{"minecraft:picked_up":{"croptopia:chile_pepper":1,"minecraft:lilac":4,"minecraft:apple":5,"minecraft:wheat_seeds":1,"pixelmon:poke_ball":1,"minecraft:cobblestone":2,"minecraft:dirt":9,"minecraft:emerald_ore":1},"minecraft:custom":{"minecraft:time_since_rest":15498,"minecraft:crouch_one_cm":1871,"minecraft:play_time":15498,"minecraft:sprint_one_cm":44876,"minecraft:damage_taken":40,"minecraft:walk_one_cm":30647,"minecraft:sneak_time":425,"minecraft:drop":3,"minecraft:jump":429,"minecraft:leave_game":5,"minecraft:time_since_death":15498,"minecraft:climb_one_cm":699,"minecraft:total_world_time":15498,"minecraft:fall_one_cm":11719,"minecraft:fly_one_cm":81168},"minecraft:dropped":{"croptopia:chile_pepper":1,"croptopia:chile_pepper_seed":1,"minecraft:emerald_ore":1},"minecraft:used":{"minecraft:lilac":4,"minecraft:dirt":8,"minecraft:stone_sword":7,"minecraft:cobblestone":2,"croptopia:chile_pepper":1,"minecraft:stone_shovel":5,"minecraft:stone_pickaxe":2,"minecraft:cooked_beef":2},"minecraft:mined":{"minecraft:grass":8,"minecraft:grass_block":3,"minecraft:dirt":6,"minecraft:tall_grass":16,"minecraft:lilac":4,"minecraft:stone":2}},"DataVersion":3578}