{"stats":{"minecraft:killed_by":{"minecraft:player":7},"minecraft:mined":{"minecraft:wheat":1,"minecraft:grass":23,"minecraft:acacia_log":2,"minecraft:grass_block":1,"minecraft:oak_log":3,"minecraft:melon":2,"minecraft:tall_grass":7,"minecraft:stone":4},"minecraft:picked_up":{"pixelmon:poke_ball_lid":1,"minecraft:acacia_log":2,"minecraft:porkchop":6,"minecraft:oak_log":3,"pixelmon:curry_herb":1,"minecraft:redstone":4,"pixelmon:rare_candy":3,"minecraft:dirt":1,"pixelmon:x_special_attack":2,"pixelmon:big_malasada":1,"pixelmon:guard_spec":1,"minecraft:wheat_seeds":15,"minecraft:cow_spawn_egg":1,"minecraft:bread":3,"minecraft:melon_slice":8,"minecraft:cobblestone":5},"minecraft:used":{"minecraft:stone_sword":5,"minecraft:melon_slice":8,"minecraft:stone_pickaxe":6,"minecraft:stone_axe":1,"minecraft:wooden_sword":11,"minecraft:cobblestone":4,"minecraft:crafting_table":2,"minecraft:porkchop":2},"minecraft:custom":{"minecraft:time_since_rest":20975,"minecraft:sprint_one_cm":95833,"minecraft:damage_taken":2511,"minecraft:walk_one_cm":51197,"minecraft:trigger_trapped_chest":2,"minecraft:damage_dealt":607,"minecraft:swim_one_cm":652,"minecraft:interact_with_crafting_table":2,"minecraft:fly_one_cm":139547,"minecraft:player_kills":1,"minecraft:open_barrel":6,"minecraft:open_chest":9,"minecraft:crouch_one_cm":96,"minecraft:play_time":28386,"minecraft:deaths":9,"minecraft:sneak_time":109,"minecraft:walk_under_water_one_cm":495,"minecraft:jump":749,"minecraft:leave_game":2,"minecraft:walk_on_water_one_cm":6022,"minecraft:time_since_death":20929,"minecraft:climb_one_cm":595,"minecraft:total_world_time":28386,"minecraft:fall_one_cm":37078},"minecraft:crafted":{"minecraft:wooden_sword":2,"minecraft:oak_planks":12,"minecraft:crafting_table":2,"minecraft:stick":8,"minecraft:acacia_planks":8}},"DataVersion":3578}