{"stats":{"minecraft:mined":{"minecraft:hay_block":12,"minecraft:wheat":10,"minecraft:crafting_table":2,"minecraft:grass":2,"minecraft:oak_log":6,"minecraft:beetroots":1,"minecraft:stone":5},"minecraft:picked_up":{"minecraft:crafting_table":2,"minecraft:wheat":10,"minecraft:feather":1,"pixelmon:pumkin_berry":3,"minecraft:oak_log":6,"minecraft:stone_sword":1,"minecraft:beetroot":7,"minecraft:beetroot_seeds":19,"minecraft:wheat_seeds":23,"minecraft:hay_block":12,"pixelmon:hondew_berry":1,"pixelmon:lansat_berry":1,"minecraft:cobblestone":4},"minecraft:used":{"minecraft:wheat_seeds":5,"minecraft:bread":2,"minecraft:stone_shovel":3,"minecraft:stone_pickaxe":5,"minecraft:stone_axe":5,"minecraft:crafting_table":1},"minecraft:dropped":{"minecraft:stone_sword":1},"minecraft:custom":{"minecraft:time_since_rest":32236,"minecraft:sprint_one_cm":42519,"minecraft:damage_taken":135,"minecraft:walk_one_cm":118230,"minecraft:trigger_trapped_chest":7,"minecraft:drop":1,"minecraft:interact_with_crafting_table":3,"minecraft:fly_one_cm":43268,"minecraft:open_barrel":8,"minecraft:open_chest":10,"minecraft:crouch_one_cm":7891,"minecraft:play_time":32236,"minecraft:sneak_time":1473,"minecraft:walk_under_water_one_cm":696,"minecraft:jump":363,"minecraft:leave_game":1,"minecraft:walk_on_water_one_cm":10052,"minecraft:time_since_death":32236,"minecraft:climb_one_cm":658,"minecraft:total_world_time":32236,"minecraft:fall_one_cm":6919},"minecraft:crafted":{"minecraft:bread":2}},"DataVersion":3578}