{"stats":{"minecraft:custom":{"minecraft:time_since_rest":56282,"minecraft:sprint_one_cm":231485,"minecraft:damage_taken":510,"minecraft:walk_one_cm":74954,"minecraft:trigger_trapped_chest":3,"minecraft:drop":3,"minecraft:damage_dealt":10,"minecraft:swim_one_cm":15076,"minecraft:fly_one_cm":386658,"minecraft:open_barrel":17,"minecraft:open_chest":12,"minecraft:crouch_one_cm":616,"minecraft:play_time":56282,"minecraft:sneak_time":382,"minecraft:walk_under_water_one_cm":1307,"minecraft:jump":1695,"minecraft:interact_with_brewingstand":1,"minecraft:leave_game":5,"minecraft:time_since_death":56282,"minecraft:walk_on_water_one_cm":7213,"minecraft:climb_one_cm":1473,"minecraft:interact_with_smoker":1,"minecraft:total_world_time":56282,"minecraft:fall_one_cm":59096},"minecraft:used":{"minecraft:stone_sword":1,"minecraft:apple":16,"minecraft:stone_pickaxe":36,"minecraft:cooked_beef":5},"minecraft:picked_up":{"minecraft:book":6,"minecraft:enchanting_table":1,"minecraft:raw_iron":14,"pixelmon:ultra_forest_flower":2,"pixelmon:pokemail_grass":3,"croptopia:peach":1,"croptopia:sweetpotato_seed":1,"pixelmon:poke_ball":3,"minecraft:dirt":3,"minecraft:bone":1,"minecraft:apple":12,"croptopia:sweetpotato":1,"pixelmon:brown_day_care":1,"minecraft:terracotta":1,"minecraft:coal":2,"pixelmon:green_pc":1,"minecraft:cobblestone":1},"minecraft:dropped":{"pixelmon:pokemail_grass":2,"minecraft:stone_sword":1,"pixelmon:ultra_forest_flower":1},"minecraft:mined":{"pixelmon:apricorn_leaves_black":1,"minecraft:glass_pane":2,"minecraft:iron_ore":14,"minecraft:birch_leaves":2,"croptopia:sweetpotato_crop":1,"minecraft:enchanting_table":1,"minecraft:grass":1,"minecraft:bookshelf":2,"minecraft:grass_block":9,"minecraft:coal_ore":2,"minecraft:white_stained_glass_pane":2,"minecraft:dirt":1,"minecraft:terracotta":1,"minecraft:green_stained_glass_pane":1,"minecraft:stone":1,"minecraft:oak_leaves":9,"pixelmon:brown_day_care":1,"minecraft:iron_door":1,"minecraft:green_bed":1}},"DataVersion":3578}