{"stats":{"minecraft:used":{"minecraft:stone_sword":3},"minecraft:mined":{"minecraft:grass":11,"minecraft:dead_bush":1,"minecraft:tall_grass":2,"minecraft:pumpkin":2},"minecraft:custom":{"minecraft:time_since_rest":7400,"minecraft:open_chest":2,"minecraft:play_time":15272,"minecraft:sprint_one_cm":40187,"minecraft:walk_one_cm":25493,"minecraft:damage_taken":675,"minecraft:deaths":2,"minecraft:sneak_time":8,"minecraft:jump":278,"minecraft:damage_dealt":41,"minecraft:leave_game":1,"minecraft:time_since_death":7364,"minecraft:walk_on_water_one_cm":2064,"minecraft:total_world_time":15272,"minecraft:fall_one_cm":14339,"minecraft:fly_one_cm":54636,"minecraft:open_barrel":2},"minecraft:picked_up":{"pixelmon:x_special_attack":2,"pixelmon:poke_ball_lid":1,"pixelmon:pokemail_steel":1,"pixelmon:big_malasada":1,"minecraft:stone_sword":2,"pixelmon:guard_spec":1,"minecraft:pumpkin":2,"minecraft:stone_shovel":2,"minecraft:stone_axe":2,"pixelmon:paralyze_heal":1,"minecraft:wheat_seeds":11,"pixelmon:poke_ball":13,"minecraft:porkchop":1,"minecraft:stone_pickaxe":2,"minecraft:bread":15},"minecraft:killed_by":{"minecraft:player":2}},"DataVersion":3578}