{"stats":{"minecraft:killed_by":{"minecraft:player":2},"minecraft:mined":{"minecraft:hay_block":3,"minecraft:wheat":1,"minecraft:pumpkin":2,"minecraft:acacia_log":10,"minecraft:grass":12,"minecraft:dead_bush":1,"minecraft:tall_grass":3},"minecraft:picked_up":{"pixelmon:poke_ball_lid":1,"minecraft:wheat":1,"minecraft:pumpkin":2,"minecraft:acacia_log":10,"pixelmon:poke_ball":13,"minecraft:porkchop":1,"pixelmon:x_special_attack":2,"pixelmon:pokemail_steel":1,"pixelmon:big_malasada":1,"minecraft:stone_sword":2,"pixelmon:guard_spec":1,"minecraft:stone_shovel":2,"minecraft:stone_axe":2,"pixelmon:paralyze_heal":1,"minecraft:wheat_seeds":17,"minecraft:hay_block":3,"minecraft:stone_pickaxe":2,"minecraft:bread":15,"minecraft:acacia_sapling":1},"minecraft:used":{"minecraft:stone_sword":3,"minecraft:stone_axe":5,"minecraft:cod":2,"minecraft:acacia_planks":2},"minecraft:custom":{"minecraft:time_since_rest":6939,"minecraft:sprint_one_cm":87758,"minecraft:damage_taken":1309,"minecraft:walk_one_cm":52003,"minecraft:trigger_trapped_chest":14,"minecraft:damage_dealt":242,"minecraft:swim_one_cm":3983,"minecraft:fly_one_cm":142302,"minecraft:player_kills":1,"minecraft:open_chest":2,"minecraft:open_barrel":2,"minecraft:crouch_one_cm":1277,"minecraft:play_time":29837,"minecraft:deaths":4,"minecraft:sneak_time":387,"minecraft:walk_under_water_one_cm":123,"minecraft:jump":706,"minecraft:leave_game":3,"minecraft:walk_on_water_one_cm":4339,"minecraft:time_since_death":6876,"minecraft:total_world_time":29837,"minecraft:fall_one_cm":34979},"minecraft:crafted":{"minecraft:acacia_planks":40}},"DataVersion":3578}