{"stats":{"minecraft:custom":{"minecraft:time_since_rest":35163,"minecraft:sprint_one_cm":144595,"minecraft:damage_taken":270,"minecraft:walk_one_cm":42472,"minecraft:trigger_trapped_chest":1,"minecraft:drop":1,"minecraft:damage_dealt":10,"minecraft:swim_one_cm":415,"minecraft:fly_one_cm":197068,"minecraft:open_barrel":4,"minecraft:open_chest":3,"minecraft:crouch_one_cm":531,"minecraft:play_time":35163,"minecraft:sneak_time":307,"minecraft:walk_under_water_one_cm":82,"minecraft:jump":865,"minecraft:interact_with_brewingstand":1,"minecraft:leave_game":3,"minecraft:time_since_death":35163,"minecraft:walk_on_water_one_cm":1309,"minecraft:total_world_time":35163,"minecraft:fall_one_cm":27054},"minecraft:used":{"minecraft:apple":6,"minecraft:stone_pickaxe":18,"minecraft:cooked_beef":3},"minecraft:picked_up":{"minecraft:book":6,"minecraft:enchanting_table":1,"pixelmon:ultra_forest_flower":1,"pixelmon:pokemail_grass":1,"croptopia:peach":1,"croptopia:sweetpotato_seed":1,"minecraft:dirt":3,"minecraft:bone":1,"minecraft:apple":8,"croptopia:sweetpotato":1,"pixelmon:green_pc":1,"minecraft:coal":2,"minecraft:cobblestone":1},"minecraft:dropped":{"minecraft:stone_sword":1},"minecraft:mined":{"minecraft:glass_pane":2,"croptopia:sweetpotato_crop":1,"minecraft:enchanting_table":1,"minecraft:bookshelf":2,"minecraft:grass_block":3,"minecraft:coal_ore":2,"minecraft:white_stained_glass_pane":2,"minecraft:stone":1,"minecraft:iron_door":1,"minecraft:oak_leaves":7,"minecraft:green_bed":1}},"DataVersion":3578}