{"stats":{"minecraft:custom":{"minecraft:jump":485,"minecraft:time_since_rest":23106,"minecraft:damage_dealt":10,"minecraft:crouch_one_cm":531,"minecraft:sprint_one_cm":76306,"minecraft:leave_game":2,"minecraft:play_time":23106,"minecraft:damage_taken":90,"minecraft:time_since_death":23106,"minecraft:walk_one_cm":28050,"minecraft:sneak_time":237,"minecraft:total_world_time":23106,"minecraft:fall_one_cm":14050,"minecraft:fly_one_cm":109454},"minecraft:used":{"minecraft:apple":2,"minecraft:cooked_beef":2},"minecraft:picked_up":{"pixelmon:pokemail_grass":1,"minecraft:bone":1,"pixelmon:ultra_forest_flower":1,"minecraft:apple":4,"croptopia:sweetpotato":1,"croptopia:sweetpotato_seed":1},"minecraft:mined":{"croptopia:sweetpotato_crop":1,"minecraft:oak_leaves":1}},"DataVersion":3578}