{"stats":{"minecraft:killed_by":{"minecraft:player":3},"minecraft:mined":{"minecraft:grass":7,"minecraft:dirt_path":1},"minecraft:picked_up":{"minecraft:apple":1,"minecraft:feather":1,"minecraft:stone_sword":1,"minecraft:wheat":1,"minecraft:wheat_seeds":11,"pixelmon:poke_ball":8,"minecraft:porkchop":1,"minecraft:dirt":1,"minecraft:string":4,"minecraft:egg":1},"minecraft:used":{"minecraft:dirt":1,"minecraft:stone_sword":8,"minecraft:bread":2},"minecraft:dropped":{"minecraft:wheat_seeds":4,"minecraft:stone_sword":1},"minecraft:custom":{"minecraft:open_barrel":2,"minecraft:open_chest":6,"minecraft:time_since_rest":9914,"minecraft:crouch_one_cm":237,"minecraft:sprint_one_cm":65368,"minecraft:play_time":33379,"minecraft:damage_taken":1134,"minecraft:deaths":3,"minecraft:walk_one_cm":50814,"minecraft:sneak_time":82,"minecraft:trigger_trapped_chest":2,"minecraft:walk_under_water_one_cm":1063,"minecraft:drop":2,"minecraft:jump":628,"minecraft:damage_dealt":370,"minecraft:leave_game":4,"minecraft:walk_on_water_one_cm":4806,"minecraft:time_since_death":9865,"minecraft:total_world_time":33379,"minecraft:swim_one_cm":1037,"minecraft:fall_one_cm":26092,"minecraft:fly_one_cm":122025}},"DataVersion":3578}