{"stats":{"minecraft:used":{"minecraft:stone_sword":3,"minecraft:bread":2},"minecraft:mined":{"minecraft:grass":7},"minecraft:custom":{"minecraft:open_barrel":2,"minecraft:time_since_rest":7429,"minecraft:open_chest":6,"minecraft:crouch_one_cm":90,"minecraft:play_time":14989,"minecraft:sprint_one_cm":41134,"minecraft:walk_one_cm":23286,"minecraft:damage_taken":669,"minecraft:deaths":2,"minecraft:sneak_time":21,"minecraft:walk_under_water_one_cm":45,"minecraft:jump":296,"minecraft:damage_dealt":134,"minecraft:leave_game":1,"minecraft:time_since_death":7401,"minecraft:walk_on_water_one_cm":1381,"minecraft:total_world_time":14989,"minecraft:swim_one_cm":568,"minecraft:fall_one_cm":13307,"minecraft:fly_one_cm":64208},"minecraft:picked_up":{"minecraft:wheat_seeds":3,"pixelmon:poke_ball":8,"minecraft:porkchop":1,"minecraft:string":2},"minecraft:killed_by":{"minecraft:player":2}},"DataVersion":3578}